Spin,NO,OCC,E(Eh),E(eV)
0,0,1.0000,-199.978048,-5441.6793
0,1,1.0000,-89.673178,-2440.1312
0,2,1.0000,-89.673166,-2440.1309
0,3,1.0000,-89.673130,-2440.1299
0,4,1.0000,-89.673119,-2440.1296
0,5,1.0000,-22.708731,-617.9360
0,6,1.0000,-19.250418,-523.8305
0,7,1.0000,-18.947079,-515.5762
0,8,1.0000,-18.941639,-515.4282
0,9,1.0000,-18.941615,-515.4275
0,10,1.0000,-14.438241,-392.8845
0,11,1.0000,-14.438212,-392.8837
0,12,1.0000,-14.438185,-392.8830
0,13,1.0000,-14.438179,-392.8828
0,14,1.0000,-10.335031,-281.2305
0,15,1.0000,-10.334969,-281.2288
0,16,1.0000,-10.334298,-281.2105
0,17,1.0000,-10.334235,-281.2088
0,18,1.0000,-10.318393,-280.7777
0,19,1.0000,-10.318375,-280.7773
0,20,1.0000,-10.318374,-280.7772
0,21,1.0000,-10.318369,-280.7771
0,22,1.0000,-8.046191,-218.9480
0,23,1.0000,-8.046164,-218.9472
0,24,1.0000,-8.046143,-218.9467
0,25,1.0000,-8.046125,-218.9462
0,26,1.0000,-5.942632,-161.7072
0,27,1.0000,-5.942608,-161.7066
0,28,1.0000,-5.942583,-161.7059
0,29,1.0000,-5.942570,-161.7055
0,30,1.0000,-5.936775,-161.5479
0,31,1.0000,-5.936759,-161.5474
0,32,1.0000,-5.936724,-161.5465
0,33,1.0000,-5.936718,-161.5463
0,34,1.0000,-5.936590,-161.5428
0,35,1.0000,-5.936554,-161.5418
0,36,1.0000,-5.936544,-161.5416
0,37,1.0000,-5.936502,-161.5404
0,38,1.0000,-2.757972,-75.0482
0,39,1.0000,-1.748763,-47.5862
0,40,1.0000,-1.740331,-47.3568
0,41,1.0000,-1.738919,-47.3184
0,42,1.0000,-0.953881,-25.9564
0,43,1.0000,-0.953836,-25.9552
0,44,1.0000,-0.944969,-25.7139
0,45,1.0000,-0.944935,-25.7130
0,46,1.0000,-0.902397,-24.5555
0,47,1.0000,-0.878071,-23.8935
0,48,1.0000,-0.877311,-23.8728
0,49,1.0000,-0.778900,-21.1949
0,50,1.0000,-0.776904,-21.1406
0,51,1.0000,-0.716825,-19.5058
0,52,1.0000,-0.706409,-19.2224
0,53,1.0000,-0.644553,-17.5392
0,54,1.0000,-0.637597,-17.3499
0,55,1.0000,-0.581642,-15.8273
0,56,1.0000,-0.580101,-15.7854
0,57,1.0000,-0.474925,-12.9234
0,58,1.0000,-0.441485,-12.0134
0,59,1.0000,-0.434238,-11.8162
0,60,1.0000,-0.433590,-11.7986
0,61,1.0000,-0.429683,-11.6923
0,62,1.0000,-0.415703,-11.3118
0,63,1.0000,-0.407239,-11.0815
0,64,1.0000,-0.406881,-11.0718
0,65,1.0000,-0.396704,-10.7949
0,66,1.0000,-0.386964,-10.5298
0,67,1.0000,-0.386767,-10.5245
0,68,1.0000,-0.384519,-10.4633
0,69,1.0000,-0.367731,-10.0065
0,70,1.0000,-0.366005,-9.9595
0,71,1.0000,-0.362962,-9.8767
0,72,1.0000,-0.357517,-9.7285
0,73,1.0000,-0.355242,-9.6666
0,74,1.0000,-0.353874,-9.6294
0,75,1.0000,-0.352654,-9.5962
0,76,1.0000,-0.337217,-9.1762
0,77,1.0000,-0.326400,-8.8818
0,78,1.0000,-0.320458,-8.7201
0,79,1.0000,-0.294038,-8.0012
0,80,1.0000,-0.288457,-7.8493
0,81,1.0000,-0.277113,-7.5406
0,82,1.0000,-0.271215,-7.3801
0,83,1.0000,-0.261669,-7.1204
0,84,1.0000,-0.259172,-7.0524
0,85,1.0000,-0.235110,-6.3977
0,86,1.0000,-0.206190,-5.6107
0,87,0.0000,-0.076381,-2.0784
0,88,0.0000,-0.069935,-1.9030
0,89,0.0000,-0.036283,-0.9873
0,90,0.0000,-0.035723,-0.9721
0,91,0.0000,-0.026772,-0.7285
0,92,0.0000,-0.022189,-0.6038
0,93,0.0000,-0.010805,-0.2940
0,94,0.0000,0.007090,0.1929
0,95,0.0000,0.022535,0.6132
0,96,0.0000,0.033381,0.9083
0,97,0.0000,0.054134,1.4731
0,98,0.0000,0.054410,1.4806
0,99,0.0000,0.055121,1.4999
0,100,0.0000,0.057818,1.5733
0,101,0.0000,0.059517,1.6195
0,102,0.0000,0.064618,1.7583
0,103,0.0000,0.073050,1.9878
0,104,0.0000,0.097359,2.6493
0,105,0.0000,0.110392,3.0039
0,106,0.0000,0.118363,3.2208
0,107,0.0000,0.122606,3.3363
0,108,0.0000,0.131227,3.5709
0,109,0.0000,0.138796,3.7768
0,110,0.0000,0.141076,3.8389
0,111,0.0000,0.158961,4.3255
0,112,0.0000,0.159634,4.3439
0,113,0.0000,0.168539,4.5862
0,114,0.0000,0.168879,4.5954
0,115,0.0000,0.175023,4.7626
0,116,0.0000,0.178280,4.8512
0,117,0.0000,0.184680,5.0254
0,118,0.0000,0.192615,5.2413
0,119,0.0000,0.194046,5.2803
0,120,0.0000,0.213083,5.7983
0,121,0.0000,0.217122,5.9082
0,122,0.0000,0.220053,5.9879
0,123,0.0000,0.230732,6.2785
0,124,0.0000,0.233556,6.3554
0,125,0.0000,0.242054,6.5866
0,126,0.0000,0.244912,6.6644
0,127,0.0000,0.246977,6.7206
0,128,0.0000,0.251598,6.8463
0,129,0.0000,0.258206,7.0261
0,130,0.0000,0.262856,7.1527
0,131,0.0000,0.266043,7.2394
0,132,0.0000,0.276596,7.5266
0,133,0.0000,0.282009,7.6738
0,134,0.0000,0.289728,7.8839
0,135,0.0000,0.297607,8.0983
0,136,0.0000,0.299615,8.1529
0,137,0.0000,0.312575,8.5056
0,138,0.0000,0.314143,8.5483
0,139,0.0000,0.315475,8.5845
0,140,0.0000,0.334082,9.0908
0,141,0.0000,0.336409,9.1541
0,142,0.0000,0.338125,9.2009
0,143,0.0000,0.338674,9.2158
0,144,0.0000,0.361006,9.8235
0,145,0.0000,0.361968,9.8496
0,146,0.0000,0.363944,9.9034
0,147,0.0000,0.375752,10.2247
0,148,0.0000,0.385162,10.4808
0,149,0.0000,0.387756,10.5514
0,150,0.0000,0.389292,10.5932
0,151,0.0000,0.390569,10.6279
0,152,0.0000,0.392838,10.6897
0,153,0.0000,0.399997,10.8845
0,154,0.0000,0.401923,10.9369
0,155,0.0000,0.405162,11.0250
0,156,0.0000,0.411873,11.2076
0,157,0.0000,0.423879,11.5343
0,158,0.0000,0.427995,11.6463
0,159,0.0000,0.437220,11.8974
0,160,0.0000,0.442357,12.0371
0,161,0.0000,0.444574,12.0975
0,162,0.0000,0.457745,12.4559
0,163,0.0000,0.469218,12.7681
0,164,0.0000,0.485382,13.2079
0,165,0.0000,0.502098,13.6628
0,166,0.0000,0.505195,13.7470
0,167,0.0000,0.506730,13.7888
0,168,0.0000,0.509629,13.8677
0,169,0.0000,0.515875,14.0377
0,170,0.0000,0.516723,14.0608
0,171,0.0000,0.521580,14.1929
0,172,0.0000,0.526767,14.3341
0,173,0.0000,0.535398,14.5689
0,174,0.0000,0.550176,14.9710
0,175,0.0000,0.553701,15.0670
0,176,0.0000,0.557518,15.1708
0,177,0.0000,0.569382,15.4937
0,178,0.0000,0.576378,15.6840
0,179,0.0000,0.586662,15.9639
0,180,0.0000,0.587710,15.9924
0,181,0.0000,0.588919,16.0253
0,182,0.0000,0.601880,16.3780
0,183,0.0000,0.605127,16.4663
0,184,0.0000,0.605681,16.4814
0,185,0.0000,0.606182,16.4951
0,186,0.0000,0.620776,16.8922
0,187,0.0000,0.629701,17.1350
0,188,0.0000,0.632397,17.2084
0,189,0.0000,0.633974,17.2513
0,190,0.0000,0.636685,17.3251
0,191,0.0000,0.654213,17.8020
0,192,0.0000,0.655500,17.8371
0,193,0.0000,0.657805,17.8998
0,194,0.0000,0.678715,18.4688
0,195,0.0000,0.697182,18.9713
0,196,0.0000,0.706567,19.2267
0,197,0.0000,0.707226,19.2446
0,198,0.0000,0.714291,19.4369
0,199,0.0000,0.724111,19.7041
0,200,0.0000,0.729622,19.8540
0,201,0.0000,0.730103,19.8671
0,202,0.0000,0.731666,19.9096
0,203,0.0000,0.746387,20.3102
0,204,0.0000,0.756746,20.5921
0,205,0.0000,0.762907,20.7597
0,206,0.0000,0.764414,20.8008
0,207,0.0000,0.770209,20.9585
0,208,0.0000,0.775306,21.0971
0,209,0.0000,0.777892,21.1675
0,210,0.0000,0.788440,21.4546
0,211,0.0000,0.797768,21.7084
0,212,0.0000,0.814149,22.1541
0,213,0.0000,0.825510,22.4633
0,214,0.0000,0.838250,22.8099
0,215,0.0000,0.847925,23.0732
0,216,0.0000,0.870482,23.6870
0,217,0.0000,0.887887,24.1606
0,218,0.0000,0.894655,24.3448
0,219,0.0000,0.896348,24.3909
0,220,0.0000,0.899665,24.4811
0,221,0.0000,0.927618,25.2418
0,222,0.0000,0.932315,25.3696
0,223,0.0000,0.932900,25.3855
0,224,0.0000,0.936116,25.4730
0,225,0.0000,0.947486,25.7824
0,226,0.0000,0.955879,26.0108
0,227,0.0000,0.967795,26.3350
0,228,0.0000,0.996046,27.1038
0,229,0.0000,1.002461,27.2784
0,230,0.0000,1.007278,27.4094
0,231,0.0000,1.023241,27.8438
0,232,0.0000,1.028473,27.9862
0,233,0.0000,1.031393,28.0656
0,234,0.0000,1.048726,28.5373
0,235,0.0000,1.077452,29.3190
0,236,0.0000,1.125937,30.6383
0,237,0.0000,1.140268,31.0283
0,238,0.0000,1.141112,31.0512
0,239,0.0000,1.145145,31.1610
0,240,0.0000,1.147986,31.2383
0,241,0.0000,1.160047,31.5665
0,242,0.0000,1.160713,31.5846
0,243,0.0000,1.187739,32.3200
0,244,0.0000,1.201515,32.6949
0,245,0.0000,1.205146,32.7937
0,246,0.0000,1.210680,32.9443
0,247,0.0000,1.228379,33.4259
0,248,0.0000,1.231064,33.4990
0,249,0.0000,1.240381,33.7525
0,250,0.0000,1.247686,33.9513
0,251,0.0000,1.254453,34.1354
0,252,0.0000,1.257587,34.2207
0,253,0.0000,1.271717,34.6052
0,254,0.0000,1.279970,34.8298
0,255,0.0000,1.283125,34.9156
0,256,0.0000,1.292085,35.1594
0,257,0.0000,1.303583,35.4723
0,258,0.0000,1.308142,35.5964
0,259,0.0000,1.321278,35.9538
0,260,0.0000,1.331066,36.2201
0,261,0.0000,1.341255,36.4974
0,262,0.0000,1.351629,36.7797
0,263,0.0000,1.364477,37.1293
0,264,0.0000,1.371608,37.3234
0,265,0.0000,1.373926,37.3864
0,266,0.0000,1.387864,37.7657
0,267,0.0000,1.390503,37.8375
0,268,0.0000,1.405102,38.2348
0,269,0.0000,1.406629,38.2763
0,270,0.0000,1.429478,38.8981
0,271,0.0000,1.449211,39.4350
0,272,0.0000,1.450494,39.4699
0,273,0.0000,1.456932,39.6451
0,274,0.0000,1.457634,39.6642
0,275,0.0000,1.465038,39.8657
0,276,0.0000,1.486273,40.4436
0,277,0.0000,1.494967,40.6801
0,278,0.0000,1.510206,41.0948
0,279,0.0000,1.510728,41.1090
0,280,0.0000,1.524357,41.4799
0,281,0.0000,1.530591,41.6495
0,282,0.0000,1.534023,41.7429
0,283,0.0000,1.544269,42.0217
0,284,0.0000,1.546816,42.0910
0,285,0.0000,1.557582,42.3840
0,286,0.0000,1.577936,42.9378
0,287,0.0000,1.586297,43.1653
0,288,0.0000,1.589597,43.2551
0,289,0.0000,1.595715,43.4216
0,290,0.0000,1.607814,43.7508
0,291,0.0000,1.612575,43.8804
0,292,0.0000,1.614750,43.9396
0,293,0.0000,1.627262,44.2800
0,294,0.0000,1.630857,44.3779
0,295,0.0000,1.632762,44.4297
0,296,0.0000,1.645867,44.7863
0,297,0.0000,1.647723,44.8368
0,298,0.0000,1.662621,45.2422
0,299,0.0000,1.664330,45.2887
0,300,0.0000,1.672323,45.5062
0,301,0.0000,1.674739,45.5720
0,302,0.0000,1.675152,45.5832
0,303,0.0000,1.677089,45.6359
0,304,0.0000,1.694033,46.0970
0,305,0.0000,1.703398,46.3518
0,306,0.0000,1.711477,46.5717
0,307,0.0000,1.715148,46.6715
0,308,0.0000,1.722828,46.8805
0,309,0.0000,1.737630,47.2833
0,310,0.0000,1.738288,47.3012
0,311,0.0000,1.755844,47.7789
0,312,0.0000,1.763665,47.9918
0,313,0.0000,1.788677,48.6724
0,314,0.0000,1.795443,48.8565
0,315,0.0000,1.800225,48.9866
0,316,0.0000,1.814231,49.3677
0,317,0.0000,1.830253,49.8037
0,318,0.0000,1.875356,51.0310
0,319,0.0000,1.876106,51.0515
0,320,0.0000,1.881438,51.1965
0,321,0.0000,1.885770,51.3144
0,322,0.0000,1.886184,51.3257
0,323,0.0000,1.894929,51.5636
0,324,0.0000,1.904759,51.8311
0,325,0.0000,1.905093,51.8402
0,326,0.0000,1.914399,52.0935
0,327,0.0000,1.914957,52.1086
0,328,0.0000,1.923998,52.3547
0,329,0.0000,1.928844,52.4865
0,330,0.0000,1.944589,52.9150
0,331,0.0000,1.959862,53.3306
0,332,0.0000,1.973093,53.6906
0,333,0.0000,1.973542,53.7028
0,334,0.0000,1.977038,53.7979
0,335,0.0000,1.983224,53.9663
0,336,0.0000,1.985414,54.0259
0,337,0.0000,1.991392,54.1885
0,338,0.0000,1.998201,54.3738
0,339,0.0000,2.001979,54.4766
0,340,0.0000,2.009423,54.6792
0,341,0.0000,2.014672,54.8220
0,342,0.0000,2.021102,54.9970
0,343,0.0000,2.035308,55.3835
0,344,0.0000,2.043185,55.5979
0,345,0.0000,2.051537,55.8251
0,346,0.0000,2.082562,56.6694
0,347,0.0000,2.083500,56.6949
0,348,0.0000,2.095471,57.0207
0,349,0.0000,2.104354,57.2624
0,350,0.0000,2.113532,57.5121
0,351,0.0000,2.166180,58.9447
0,352,0.0000,2.166553,58.9549
0,353,0.0000,2.167164,58.9715
0,354,0.0000,2.170822,59.0711
0,355,0.0000,2.186434,59.4959
0,356,0.0000,2.190695,59.6118
0,357,0.0000,2.200684,59.8837
0,358,0.0000,2.230684,60.7000
0,359,0.0000,2.231569,60.7241
0,360,0.0000,2.241190,60.9859
0,361,0.0000,2.243433,61.0469
0,362,0.0000,2.245383,61.1000
0,363,0.0000,2.251201,61.2583
0,364,0.0000,2.251292,61.2608
0,365,0.0000,2.255915,61.3866
0,366,0.0000,2.256804,61.4108
0,367,0.0000,2.265625,61.6508
0,368,0.0000,2.308730,62.8237
0,369,0.0000,2.411466,65.6193
0,370,0.0000,2.412288,65.6417
0,371,0.0000,2.413061,65.6627
0,372,0.0000,2.413820,65.6834
0,373,0.0000,2.444819,66.5269
0,374,0.0000,2.468558,67.1729
0,375,0.0000,2.482756,67.5592
0,376,0.0000,2.490780,67.7776
0,377,0.0000,2.500241,68.0350
0,378,0.0000,2.501395,68.0664
0,379,0.0000,2.518842,68.5412
0,380,0.0000,2.548166,69.3391
0,381,0.0000,2.552852,69.4666
0,382,0.0000,2.596066,70.6425
0,383,0.0000,2.601440,70.7888
0,384,0.0000,2.605203,70.8912
0,385,0.0000,2.609946,71.0203
0,386,0.0000,2.612784,71.0975
0,387,0.0000,2.623963,71.4017
0,388,0.0000,2.648573,72.0713
0,389,0.0000,2.650175,72.1149
0,390,0.0000,2.654987,72.2459
0,391,0.0000,2.660223,72.3883
0,392,0.0000,2.663619,72.4808
0,393,0.0000,2.675895,72.8148
0,394,0.0000,2.694212,73.3132
0,395,0.0000,2.694747,73.3278
0,396,0.0000,2.703643,73.5699
0,397,0.0000,2.704343,73.5889
0,398,0.0000,2.708871,73.7121
0,399,0.0000,2.713843,73.8474
0,400,0.0000,2.732445,74.3536
0,401,0.0000,2.737513,74.4915
0,402,0.0000,2.743457,74.6533
0,403,0.0000,2.749640,74.8215
0,404,0.0000,2.765634,75.2567
0,405,0.0000,2.802499,76.2599
0,406,0.0000,2.805692,76.3468
0,407,0.0000,2.811161,76.4956
0,408,0.0000,2.828133,76.9574
0,409,0.0000,2.846218,77.4495
0,410,0.0000,2.870219,78.1026
0,411,0.0000,2.870527,78.1110
0,412,0.0000,2.898625,78.8756
0,413,0.0000,2.899128,78.8893
0,414,0.0000,2.903028,78.9954
0,415,0.0000,2.917011,79.3759
0,416,0.0000,2.917415,79.3869
0,417,0.0000,2.928356,79.6846
0,418,0.0000,2.958447,80.5034
0,419,0.0000,2.971016,80.8455
0,420,0.0000,2.971451,80.8573
0,421,0.0000,2.977185,81.0133
0,422,0.0000,2.978291,81.0434
0,423,0.0000,3.000519,81.6483
0,424,0.0000,3.003682,81.7343
0,425,0.0000,3.008226,81.8580
0,426,0.0000,3.017272,82.1041
0,427,0.0000,3.025702,82.3335
0,428,0.0000,3.031707,82.4969
0,429,0.0000,3.051472,83.0348
0,430,0.0000,3.060819,83.2891
0,431,0.0000,3.070092,83.5415
0,432,0.0000,3.079675,83.8022
0,433,0.0000,3.087500,84.0151
0,434,0.0000,3.087745,84.0218
0,435,0.0000,3.090203,84.0887
0,436,0.0000,3.098986,84.3277
0,437,0.0000,3.119187,84.8774
0,438,0.0000,3.160324,85.9968
0,439,0.0000,3.161424,86.0267
0,440,0.0000,3.166375,86.1614
0,441,0.0000,3.180118,86.5354
0,442,0.0000,3.205515,87.2265
0,443,0.0000,3.209947,87.3471
0,444,0.0000,3.213605,87.4466
0,445,0.0000,3.213919,87.4552
0,446,0.0000,3.273187,89.0679
0,447,0.0000,3.276498,89.1581
0,448,0.0000,3.291528,89.5670
0,449,0.0000,3.304080,89.9086
0,450,0.0000,3.311326,90.1058
0,451,0.0000,3.318219,90.2933
0,452,0.0000,3.333693,90.7144
0,453,0.0000,3.335808,90.7719
0,454,0.0000,3.345717,91.0416
0,455,0.0000,3.351324,91.1942
0,456,0.0000,3.352861,91.2360
0,457,0.0000,3.389489,92.2327
0,458,0.0000,3.404390,92.6382
0,459,0.0000,3.409496,92.7771
0,460,0.0000,3.412596,92.8615
0,461,0.0000,3.436650,93.5160
0,462,0.0000,3.440844,93.6301
0,463,0.0000,3.445391,93.7538
0,464,0.0000,3.480668,94.7138
0,465,0.0000,3.500389,95.2504
0,466,0.0000,3.531389,96.0940
0,467,0.0000,3.537909,96.2714
0,468,0.0000,3.594536,97.8123
0,469,0.0000,3.595613,97.8416
0,470,0.0000,3.616501,98.4100
0,471,0.0000,3.618398,98.4616
0,472,0.0000,3.626609,98.6851
0,473,0.0000,3.630461,98.7899
0,474,0.0000,3.633886,98.8831
0,475,0.0000,3.634748,98.9065
0,476,0.0000,3.794567,103.2554
0,477,0.0000,3.837884,104.4341
0,478,0.0000,3.838649,104.4550
0,479,0.0000,3.840177,104.4965
0,480,0.0000,3.976537,108.2071
0,481,0.0000,3.976648,108.2101
0,482,0.0000,3.980260,108.3084
0,483,0.0000,3.980291,108.3092
0,484,0.0000,3.980980,108.3280
0,485,0.0000,3.981045,108.3297
0,486,0.0000,3.985641,108.4548
0,487,0.0000,3.987166,108.4963
0,488,0.0000,4.001479,108.8858
0,489,0.0000,4.063690,110.5786
0,490,0.0000,4.064586,110.6030
0,491,0.0000,4.092521,111.3632
0,492,0.0000,4.105606,111.7192
0,493,0.0000,4.159688,113.1909
0,494,0.0000,4.166083,113.3649
0,495,0.0000,4.224362,114.9507
0,496,0.0000,4.227116,115.0257
0,497,0.0000,4.230405,115.1152
0,498,0.0000,4.239832,115.3717
0,499,0.0000,4.321881,117.6044
0,500,0.0000,4.322466,117.6203
0,501,0.0000,4.339261,118.0773
0,502,0.0000,4.340043,118.0986
0,503,0.0000,4.467939,121.5788
0,504,0.0000,4.469438,121.6196
0,505,0.0000,4.493420,122.2722
0,506,0.0000,4.495974,122.3417
0,507,0.0000,4.535860,123.4270
0,508,0.0000,4.535864,123.4271
0,509,0.0000,4.550416,123.8231
0,510,0.0000,4.551135,123.8427
0,511,0.0000,4.573769,124.4586
0,512,0.0000,4.574018,124.4654
0,513,0.0000,4.583384,124.7202
0,514,0.0000,4.590603,124.9167
0,515,0.0000,4.634219,126.1035
0,516,0.0000,4.637921,126.2043
0,517,0.0000,4.664961,126.9400
0,518,0.0000,4.665142,126.9450
0,519,0.0000,4.708410,128.1223
0,520,0.0000,4.709243,128.1450
0,521,0.0000,4.761417,129.5648
0,522,0.0000,4.761501,129.5670
0,523,0.0000,4.877928,132.7352
0,524,0.0000,4.889481,133.0495
0,525,0.0000,4.900442,133.3478
0,526,0.0000,4.901068,133.3648
0,527,0.0000,4.902439,133.4021
0,528,0.0000,4.913103,133.6923
0,529,0.0000,5.042549,137.2147
0,530,0.0000,5.057737,137.6280
0,531,0.0000,5.107740,138.9887
0,532,0.0000,5.113547,139.1467
0,533,0.0000,5.153673,140.2386
0,534,0.0000,5.154990,140.2744
0,535,0.0000,5.169848,140.6787
0,536,0.0000,5.170463,140.6954
0,537,0.0000,5.185853,141.1142
0,538,0.0000,5.205958,141.6613
0,539,0.0000,5.209432,141.7559
0,540,0.0000,5.209982,141.7708
0,541,0.0000,5.234485,142.4376
0,542,0.0000,5.235387,142.4621
0,543,0.0000,5.366836,146.0390
0,544,0.0000,5.376777,146.3095
0,545,0.0000,5.410666,147.2317
0,546,0.0000,5.420069,147.4876
0,547,0.0000,5.451310,148.3377
0,548,0.0000,5.453186,148.3887
0,549,0.0000,5.555826,151.1817
0,550,0.0000,5.557016,151.2141
0,551,0.0000,5.609673,152.6470
0,552,0.0000,5.610809,152.6779
0,553,0.0000,5.694322,154.9504
0,554,0.0000,5.695429,154.9805
0,555,0.0000,5.741262,156.2277
0,556,0.0000,5.743546,156.2898
0,557,0.0000,5.755460,156.6140
0,558,0.0000,5.756010,156.6290
0,559,0.0000,5.916862,161.0060
0,560,0.0000,5.931835,161.4134
0,561,0.0000,5.938075,161.5832
0,562,0.0000,5.994286,163.1128
0,563,0.0000,5.996579,163.1752
0,564,0.0000,6.225808,169.4129
0,565,0.0000,6.226970,169.4445
0,566,0.0000,6.329094,172.2234
0,567,0.0000,6.405971,174.3153
0,568,0.0000,6.429459,174.9545
0,569,0.0000,6.483693,176.4303
0,570,0.0000,6.528008,177.6361
0,571,0.0000,6.602923,179.6747
0,572,0.0000,6.604707,179.7232
0,573,0.0000,7.161601,194.8771
0,574,0.0000,7.722377,210.1366
0,575,0.0000,7.727355,210.2720
0,576,0.0000,8.266201,224.9348
0,577,0.0000,8.266523,224.9435
0,578,0.0000,8.267589,224.9725
0,579,0.0000,8.273611,225.1364
0,580,0.0000,8.656587,235.5577
0,581,0.0000,8.677410,236.1243
0,582,0.0000,10.881294,296.0951
0,583,0.0000,10.882763,296.1350
0,584,0.0000,10.949372,297.9476
0,585,0.0000,10.952468,298.0318
0,586,0.0000,12.604139,342.9761
0,587,0.0000,14.735430,400.9714
0,588,0.0000,18.865026,513.3434
0,589,0.0000,18.879565,513.7391
0,590,0.0000,19.020389,517.5711
0,591,0.0000,19.033904,517.9389
0,592,0.0000,39.123707,1064.6102
0,593,0.0000,39.125094,1064.6479
0,594,0.0000,39.572919,1076.8339
0,595,0.0000,39.580718,1077.0461
0,596,0.0000,39.580803,1077.0484
0,597,0.0000,39.583944,1077.1339
0,598,0.0000,40.001086,1088.4849
0,599,0.0000,40.034477,1089.3935
0,600,0.0000,44.047876,1198.6036
0,601,0.0000,56.682887,1542.4198
0,602,0.0000,56.684351,1542.4596
0,603,0.0000,56.742185,1544.0333
0,604,0.0000,56.745037,1544.1110
0,605,0.0000,77.536334,2109.8709
0,606,0.0000,109.722487,2985.7007
0,607,0.0000,109.880660,2990.0048
0,608,0.0000,109.907017,2990.7220
0,609,0.0000,120.865838,3288.9267
0,610,0.0000,120.878371,3289.2677
0,611,0.0000,120.994590,3292.4302
0,612,0.0000,121.003837,3292.6818
0,613,0.0000,272.099690,7404.2090
0,614,0.0000,807.040446,21960.6870
0,615,0.0000,807.061115,21961.2494
0,616,0.0000,807.251865,21966.4400
0,617,0.0000,807.266801,21966.8464
0,618,0.0000,1808.450495,49210.4398
1,0,1.0000,-199.978132,-5441.6816
1,1,1.0000,-89.673336,-2440.1355
1,2,1.0000,-89.673326,-2440.1353
1,3,1.0000,-89.673288,-2440.1342
1,4,1.0000,-89.673279,-2440.1340
1,5,1.0000,-22.694600,-617.5515
1,6,1.0000,-19.253877,-523.9246
1,7,1.0000,-18.942168,-515.4426
1,8,1.0000,-18.926097,-515.0053
1,9,1.0000,-18.925466,-514.9881
1,10,1.0000,-14.438198,-392.8833
1,11,1.0000,-14.438171,-392.8826
1,12,1.0000,-14.438145,-392.8819
1,13,1.0000,-14.438139,-392.8817
1,14,1.0000,-10.334767,-281.2233
1,15,1.0000,-10.334707,-281.2217
1,16,1.0000,-10.334037,-281.2034
1,17,1.0000,-10.333975,-281.2018
1,18,1.0000,-10.318430,-280.7788
1,19,1.0000,-10.318412,-280.7783
1,20,1.0000,-10.318411,-280.7783
1,21,1.0000,-10.318405,-280.7781
1,22,1.0000,-8.046327,-218.9517
1,23,1.0000,-8.046302,-218.9510
1,24,1.0000,-8.046280,-218.9504
1,25,1.0000,-8.046263,-218.9500
1,26,1.0000,-5.942798,-161.7118
1,27,1.0000,-5.942775,-161.7111
1,28,1.0000,-5.942749,-161.7104
1,29,1.0000,-5.942737,-161.7101
1,30,1.0000,-5.937093,-161.5565
1,31,1.0000,-5.937091,-161.5565
1,32,1.0000,-5.937056,-161.5555
1,33,1.0000,-5.937037,-161.5550
1,34,1.0000,-5.936799,-161.5485
1,35,1.0000,-5.936760,-161.5475
1,36,1.0000,-5.936745,-161.5471
1,37,1.0000,-5.936704,-161.5459
1,38,1.0000,-2.712758,-73.8179
1,39,1.0000,-1.729761,-47.0692
1,40,1.0000,-1.675989,-45.6060
1,41,1.0000,-1.675564,-45.5944
1,42,1.0000,-0.953791,-25.9540
1,43,1.0000,-0.953747,-25.9528
1,44,1.0000,-0.944904,-25.7121
1,45,1.0000,-0.944873,-25.7113
1,46,1.0000,-0.910153,-24.7665
1,47,1.0000,-0.877806,-23.8863
1,48,1.0000,-0.877005,-23.8645
1,49,1.0000,-0.778815,-21.1926
1,50,1.0000,-0.776854,-21.1393
1,51,1.0000,-0.716825,-19.5058
1,52,1.0000,-0.706570,-19.2268
1,53,1.0000,-0.644675,-17.5425
1,54,1.0000,-0.637904,-17.3583
1,55,1.0000,-0.581437,-15.8217
1,56,1.0000,-0.580058,-15.7842
1,57,1.0000,-0.472411,-12.8550
1,58,1.0000,-0.440816,-11.9952
1,59,1.0000,-0.434004,-11.8099
1,60,1.0000,-0.433423,-11.7940
1,61,1.0000,-0.428887,-11.6706
1,62,1.0000,-0.415413,-11.3040
1,63,1.0000,-0.407057,-11.0766
1,64,1.0000,-0.406802,-11.0697
1,65,1.0000,-0.396378,-10.7860
1,66,1.0000,-0.386868,-10.5272
1,67,1.0000,-0.386726,-10.5233
1,68,1.0000,-0.384142,-10.4530
1,69,1.0000,-0.366208,-9.9650
1,70,1.0000,-0.364639,-9.9223
1,71,1.0000,-0.362783,-9.8718
1,72,1.0000,-0.357159,-9.7188
1,73,1.0000,-0.356493,-9.7007
1,74,1.0000,-0.354739,-9.6529
1,75,1.0000,-0.353466,-9.6183
1,76,1.0000,-0.336851,-9.1662
1,77,1.0000,-0.327052,-8.8995
1,78,1.0000,-0.315761,-8.5923
1,79,1.0000,-0.291780,-7.9397
1,80,1.0000,-0.287521,-7.8239
1,81,1.0000,-0.277933,-7.5629
1,82,1.0000,-0.270833,-7.3697
1,83,1.0000,-0.261451,-7.1145
1,84,1.0000,-0.234765,-6.3883
1,85,1.0000,-0.207032,-5.6336
1,86,0.0000,-0.075943,-2.0665
1,87,0.0000,-0.071843,-1.9549
1,88,0.0000,-0.068988,-1.8773
1,89,0.0000,-0.017852,-0.4858
1,90,0.0000,-0.016462,-0.4479
1,91,0.0000,-0.016400,-0.4463
1,92,0.0000,-0.005384,-0.1465
1,93,0.0000,0.004485,0.1221
1,94,0.0000,0.007640,0.2079
1,95,0.0000,0.025282,0.6880
1,96,0.0000,0.034941,0.9508
1,97,0.0000,0.054626,1.4864
1,98,0.0000,0.055618,1.5134
1,99,0.0000,0.055649,1.5143
1,100,0.0000,0.057918,1.5760
1,101,0.0000,0.060251,1.6395
1,102,0.0000,0.070386,1.9153
1,103,0.0000,0.073122,1.9897
1,104,0.0000,0.097748,2.6599
1,105,0.0000,0.110437,3.0051
1,106,0.0000,0.119572,3.2537
1,107,0.0000,0.122812,3.3419
1,108,0.0000,0.131744,3.5849
1,109,0.0000,0.140477,3.8226
1,110,0.0000,0.141277,3.8444
1,111,0.0000,0.159835,4.3493
1,112,0.0000,0.163135,4.4391
1,113,0.0000,0.168694,4.5904
1,114,0.0000,0.169393,4.6094
1,115,0.0000,0.178195,4.8489
1,116,0.0000,0.180040,4.8991
1,117,0.0000,0.184642,5.0244
1,118,0.0000,0.192505,5.2383
1,119,0.0000,0.200328,5.4512
1,120,0.0000,0.216031,5.8785
1,121,0.0000,0.217515,5.9189
1,122,0.0000,0.221619,6.0305
1,123,0.0000,0.230693,6.2775
1,124,0.0000,0.236232,6.4282
1,125,0.0000,0.242329,6.5941
1,126,0.0000,0.246888,6.7182
1,127,0.0000,0.247488,6.7345
1,128,0.0000,0.253477,6.8975
1,129,0.0000,0.258514,7.0345
1,130,0.0000,0.264925,7.2090
1,131,0.0000,0.266598,7.2545
1,132,0.0000,0.278321,7.5735
1,133,0.0000,0.282953,7.6995
1,134,0.0000,0.291238,7.9250
1,135,0.0000,0.298182,8.1139
1,136,0.0000,0.299582,8.1520
1,137,0.0000,0.313046,8.5184
1,138,0.0000,0.314243,8.5510
1,139,0.0000,0.315704,8.5907
1,140,0.0000,0.334801,9.1104
1,141,0.0000,0.336862,9.1665
1,142,0.0000,0.338622,9.2144
1,143,0.0000,0.338881,9.2214
1,144,0.0000,0.361557,9.8385
1,145,0.0000,0.362795,9.8722
1,146,0.0000,0.364013,9.9053
1,147,0.0000,0.376037,10.2325
1,148,0.0000,0.386439,10.5155
1,149,0.0000,0.387488,10.5441
1,150,0.0000,0.389701,10.6043
1,151,0.0000,0.390787,10.6339
1,152,0.0000,0.392830,10.6895
1,153,0.0000,0.399963,10.8836
1,154,0.0000,0.402293,10.9470
1,155,0.0000,0.405081,11.0228
1,156,0.0000,0.413346,11.2477
1,157,0.0000,0.426528,11.6064
1,158,0.0000,0.428454,11.6588
1,159,0.0000,0.438479,11.9316
1,160,0.0000,0.443666,12.0728
1,161,0.0000,0.445022,12.1097
1,162,0.0000,0.457669,12.4538
1,163,0.0000,0.469806,12.7841
1,164,0.0000,0.485448,13.2097
1,165,0.0000,0.502321,13.6688
1,166,0.0000,0.506681,13.7875
1,167,0.0000,0.507200,13.8016
1,168,0.0000,0.509468,13.8633
1,169,0.0000,0.515986,14.0407
1,170,0.0000,0.516833,14.0637
1,171,0.0000,0.522083,14.2066
1,172,0.0000,0.527145,14.3443
1,173,0.0000,0.535715,14.5775
1,174,0.0000,0.550077,14.9683
1,175,0.0000,0.554023,15.0757
1,176,0.0000,0.558042,15.1851
1,177,0.0000,0.570010,15.5108
1,178,0.0000,0.576392,15.6844
1,179,0.0000,0.587835,15.9958
1,180,0.0000,0.589019,16.0280
1,181,0.0000,0.592960,16.1353
1,182,0.0000,0.601797,16.3757
1,183,0.0000,0.605126,16.4663
1,184,0.0000,0.606205,16.4957
1,185,0.0000,0.606633,16.5073
1,186,0.0000,0.620790,16.8926
1,187,0.0000,0.629703,17.1351
1,188,0.0000,0.632854,17.2208
1,189,0.0000,0.634516,17.2661
1,190,0.0000,0.636814,17.3286
1,191,0.0000,0.654458,17.8087
1,192,0.0000,0.655805,17.8454
1,193,0.0000,0.658774,17.9261
1,194,0.0000,0.678757,18.4699
1,195,0.0000,0.697231,18.9726
1,196,0.0000,0.706719,19.2308
1,197,0.0000,0.707290,19.2464
1,198,0.0000,0.714384,19.4394
1,199,0.0000,0.725723,19.7479
1,200,0.0000,0.728927,19.8351
1,201,0.0000,0.729875,19.8609
1,202,0.0000,0.731677,19.9100
1,203,0.0000,0.747226,20.3331
1,204,0.0000,0.758561,20.6415
1,205,0.0000,0.764886,20.8136
1,206,0.0000,0.765511,20.8306
1,207,0.0000,0.772476,21.0201
1,208,0.0000,0.777446,21.1554
1,209,0.0000,0.786765,21.4090
1,210,0.0000,0.788506,21.4563
1,211,0.0000,0.797140,21.6913
1,212,0.0000,0.814325,22.1589
1,213,0.0000,0.835077,22.7236
1,214,0.0000,0.838725,22.8229
1,215,0.0000,0.850026,23.1304
1,216,0.0000,0.873991,23.7825
1,217,0.0000,0.887966,24.1628
1,218,0.0000,0.897229,24.4149
1,219,0.0000,0.898469,24.4486
1,220,0.0000,0.901198,24.5229
1,221,0.0000,0.927831,25.2476
1,222,0.0000,0.932443,25.3731
1,223,0.0000,0.933412,25.3994
1,224,0.0000,0.940983,25.6055
1,225,0.0000,0.948735,25.8164
1,226,0.0000,0.957302,26.0495
1,227,0.0000,0.968299,26.3488
1,228,0.0000,0.996778,27.1237
1,229,0.0000,1.003045,27.2942
1,230,0.0000,1.010489,27.4968
1,231,0.0000,1.023450,27.8495
1,232,0.0000,1.030286,28.0355
1,233,0.0000,1.032022,28.0827
1,234,0.0000,1.049321,28.5535
1,235,0.0000,1.077451,29.3189
1,236,0.0000,1.126174,30.6447
1,237,0.0000,1.140394,31.0317
1,238,0.0000,1.142216,31.0813
1,239,0.0000,1.145822,31.1794
1,240,0.0000,1.148343,31.2480
1,241,0.0000,1.160493,31.5786
1,242,0.0000,1.161621,31.6093
1,243,0.0000,1.189124,32.3577
1,244,0.0000,1.201575,32.6965
1,245,0.0000,1.205624,32.8067
1,246,0.0000,1.214846,33.0576
1,247,0.0000,1.228450,33.4278
1,248,0.0000,1.232882,33.5484
1,249,0.0000,1.240664,33.7602
1,250,0.0000,1.247828,33.9551
1,251,0.0000,1.256747,34.1978
1,252,0.0000,1.259882,34.2831
1,253,0.0000,1.272863,34.6364
1,254,0.0000,1.280395,34.8413
1,255,0.0000,1.284698,34.9584
1,256,0.0000,1.292232,35.1634
1,257,0.0000,1.303712,35.4758
1,258,0.0000,1.308400,35.6034
1,259,0.0000,1.322328,35.9824
1,260,0.0000,1.336843,36.3774
1,261,0.0000,1.342729,36.5375
1,262,0.0000,1.351674,36.7809
1,263,0.0000,1.368551,37.2402
1,264,0.0000,1.371568,37.3223
1,265,0.0000,1.374227,37.3946
1,266,0.0000,1.388928,37.7946
1,267,0.0000,1.392617,37.8950
1,268,0.0000,1.406497,38.2727
1,269,0.0000,1.407586,38.3024
1,270,0.0000,1.429459,38.8975
1,271,0.0000,1.449183,39.4343
1,272,0.0000,1.450567,39.4719
1,273,0.0000,1.457181,39.6519
1,274,0.0000,1.457595,39.6632
1,275,0.0000,1.464773,39.8585
1,276,0.0000,1.488005,40.4907
1,277,0.0000,1.496439,40.7202
1,278,0.0000,1.510822,41.1116
1,279,0.0000,1.510999,41.1164
1,280,0.0000,1.524763,41.4909
1,281,0.0000,1.531092,41.6631
1,282,0.0000,1.534147,41.7463
1,283,0.0000,1.544522,42.0286
1,284,0.0000,1.547356,42.1057
1,285,0.0000,1.558590,42.4114
1,286,0.0000,1.576655,42.9030
1,287,0.0000,1.586190,43.1624
1,288,0.0000,1.589468,43.2516
1,289,0.0000,1.595021,43.4027
1,290,0.0000,1.607957,43.7547
1,291,0.0000,1.612675,43.8831
1,292,0.0000,1.614661,43.9372
1,293,0.0000,1.627193,44.2782
1,294,0.0000,1.630320,44.3633
1,295,0.0000,1.633376,44.4464
1,296,0.0000,1.645540,44.7774
1,297,0.0000,1.647549,44.8321
1,298,0.0000,1.662298,45.2334
1,299,0.0000,1.664005,45.2799
1,300,0.0000,1.672252,45.5043
1,301,0.0000,1.674035,45.5528
1,302,0.0000,1.675308,45.5875
1,303,0.0000,1.677003,45.6336
1,304,0.0000,1.694306,46.1044
1,305,0.0000,1.703792,46.3625
1,306,0.0000,1.712027,46.5866
1,307,0.0000,1.715885,46.6916
1,308,0.0000,1.722681,46.8765
1,309,0.0000,1.738220,47.2994
1,310,0.0000,1.739514,47.3346
1,311,0.0000,1.757213,47.8162
1,312,0.0000,1.766694,48.0742
1,313,0.0000,1.791762,48.7563
1,314,0.0000,1.797230,48.9051
1,315,0.0000,1.799963,48.9795
1,316,0.0000,1.815411,49.3999
1,317,0.0000,1.830338,49.8060
1,318,0.0000,1.878221,51.1090
1,319,0.0000,1.879564,51.1455
1,320,0.0000,1.881785,51.2060
1,321,0.0000,1.885798,51.3152
1,322,0.0000,1.887026,51.3486
1,323,0.0000,1.896593,51.6089
1,324,0.0000,1.904894,51.8348
1,325,0.0000,1.905171,51.8423
1,326,0.0000,1.914527,52.0969
1,327,0.0000,1.916016,52.1374
1,328,0.0000,1.923834,52.3502
1,329,0.0000,1.928785,52.4849
1,330,0.0000,1.944606,52.9154
1,331,0.0000,1.961116,53.3647
1,332,0.0000,1.976538,53.7843
1,333,0.0000,1.978772,53.8451
1,334,0.0000,1.980559,53.8937
1,335,0.0000,1.985201,54.0201
1,336,0.0000,1.986116,54.0450
1,337,0.0000,1.992479,54.2181
1,338,0.0000,2.000582,54.4386
1,339,0.0000,2.001663,54.4680
1,340,0.0000,2.009459,54.6801
1,341,0.0000,2.015314,54.8395
1,342,0.0000,2.021054,54.9957
1,343,0.0000,2.040334,55.5203
1,344,0.0000,2.043330,55.6018
1,345,0.0000,2.059264,56.0354
1,346,0.0000,2.084457,56.7210
1,347,0.0000,2.085375,56.7459
1,348,0.0000,2.105623,57.2969
1,349,0.0000,2.106620,57.3240
1,350,0.0000,2.115668,57.5703
1,351,0.0000,2.166722,58.9595
1,352,0.0000,2.168479,59.0073
1,353,0.0000,2.174107,59.1605
1,354,0.0000,2.175759,59.2054
1,355,0.0000,2.186982,59.5108
1,356,0.0000,2.192704,59.6665
1,357,0.0000,2.203942,59.9723
1,358,0.0000,2.231845,60.7316
1,359,0.0000,2.232338,60.7450
1,360,0.0000,2.241109,60.9837
1,361,0.0000,2.244420,61.0738
1,362,0.0000,2.245529,61.1040
1,363,0.0000,2.251359,61.2626
1,364,0.0000,2.252040,61.2811
1,365,0.0000,2.256735,61.4089
1,366,0.0000,2.259501,61.4842
1,367,0.0000,2.268675,61.7338
1,368,0.0000,2.340308,63.6830
1,369,0.0000,2.411741,65.6268
1,370,0.0000,2.412562,65.6492
1,371,0.0000,2.413284,65.6688
1,372,0.0000,2.414089,65.6907
1,373,0.0000,2.450109,66.6708
1,374,0.0000,2.476779,67.3966
1,375,0.0000,2.483735,67.5859
1,376,0.0000,2.500259,68.0355
1,377,0.0000,2.500682,68.0470
1,378,0.0000,2.509791,68.2949
1,379,0.0000,2.534897,68.9781
1,380,0.0000,2.550662,69.4071
1,381,0.0000,2.553694,69.4895
1,382,0.0000,2.599627,70.7394
1,383,0.0000,2.603873,70.8550
1,384,0.0000,2.605373,70.8958
1,385,0.0000,2.612316,71.0847
1,386,0.0000,2.617148,71.2162
1,387,0.0000,2.624083,71.4049
1,388,0.0000,2.648857,72.0791
1,389,0.0000,2.650391,72.1208
1,390,0.0000,2.661307,72.4179
1,391,0.0000,2.663564,72.4793
1,392,0.0000,2.681583,72.9696
1,393,0.0000,2.683359,73.0179
1,394,0.0000,2.694771,73.3284
1,395,0.0000,2.702005,73.5253
1,396,0.0000,2.706064,73.6357
1,397,0.0000,2.714465,73.8644
1,398,0.0000,2.714622,73.8686
1,399,0.0000,2.728974,74.2592
1,400,0.0000,2.738111,74.5078
1,401,0.0000,2.741577,74.6021
1,402,0.0000,2.753453,74.9253
1,403,0.0000,2.758664,75.0671
1,404,0.0000,2.766745,75.2870
1,405,0.0000,2.803179,76.2784
1,406,0.0000,2.806396,76.3659
1,407,0.0000,2.818521,76.6959
1,408,0.0000,2.829006,76.9812
1,409,0.0000,2.846431,77.4553
1,410,0.0000,2.870451,78.1090
1,411,0.0000,2.871396,78.1347
1,412,0.0000,2.898684,78.8772
1,413,0.0000,2.899223,78.8919
1,414,0.0000,2.903810,79.0167
1,415,0.0000,2.918995,79.4299
1,416,0.0000,2.920654,79.4750
1,417,0.0000,2.930123,79.7327
1,418,0.0000,2.959086,80.5208
1,419,0.0000,2.971348,80.8545
1,420,0.0000,2.971755,80.8656
1,421,0.0000,2.980037,81.0909
1,422,0.0000,2.980872,81.1137
1,423,0.0000,3.000954,81.6601
1,424,0.0000,3.005442,81.7822
1,425,0.0000,3.008188,81.8570
1,426,0.0000,3.017377,82.1070
1,427,0.0000,3.025811,82.3365
1,428,0.0000,3.032551,82.5199
1,429,0.0000,3.051564,83.0373
1,430,0.0000,3.061050,83.2954
1,431,0.0000,3.069923,83.5369
1,432,0.0000,3.079836,83.8066
1,433,0.0000,3.087946,84.0273
1,434,0.0000,3.088266,84.0360
1,435,0.0000,3.090364,84.0931
1,436,0.0000,3.099363,84.3380
1,437,0.0000,3.119711,84.8916
1,438,0.0000,3.159792,85.9823
1,439,0.0000,3.160448,86.0002
1,440,0.0000,3.166380,86.1616
1,441,0.0000,3.180130,86.5357
1,442,0.0000,3.206044,87.2409
1,443,0.0000,3.210545,87.3634
1,444,0.0000,3.213844,87.4531
1,445,0.0000,3.214150,87.4615
1,446,0.0000,3.273289,89.0707
1,447,0.0000,3.276401,89.1554
1,448,0.0000,3.291575,89.5683
1,449,0.0000,3.304124,89.9098
1,450,0.0000,3.311440,90.1089
1,451,0.0000,3.318737,90.3074
1,452,0.0000,3.334212,90.7285
1,453,0.0000,3.335973,90.7765
1,454,0.0000,3.345853,91.0453
1,455,0.0000,3.351496,91.1988
1,456,0.0000,3.352931,91.2379
1,457,0.0000,3.389606,92.2359
1,458,0.0000,3.405039,92.6558
1,459,0.0000,3.409757,92.7842
1,460,0.0000,3.412901,92.8698
1,461,0.0000,3.436850,93.5215
1,462,0.0000,3.441200,93.6398
1,463,0.0000,3.446009,93.7707
1,464,0.0000,3.480934,94.7210
1,465,0.0000,3.500558,95.2550
1,466,0.0000,3.531894,96.1077
1,467,0.0000,3.538674,96.2922
1,468,0.0000,3.595172,97.8296
1,469,0.0000,3.596606,97.8686
1,470,0.0000,3.617003,98.4237
1,471,0.0000,3.618922,98.4759
1,472,0.0000,3.627127,98.6991
1,473,0.0000,3.630732,98.7972
1,474,0.0000,3.634137,98.8899
1,475,0.0000,3.635209,98.9191
1,476,0.0000,3.795178,103.2720
1,477,0.0000,3.838192,104.4425
1,478,0.0000,3.838930,104.4626
1,479,0.0000,3.840604,104.5082
1,480,0.0000,3.976672,108.2107
1,481,0.0000,3.976778,108.2136
1,482,0.0000,3.980388,108.3119
1,483,0.0000,3.980415,108.3126
1,484,0.0000,3.981114,108.3316
1,485,0.0000,3.981171,108.3332
1,486,0.0000,3.985777,108.4585
1,487,0.0000,3.987306,108.5001
1,488,0.0000,4.002324,108.9088
1,489,0.0000,4.063786,110.5812
1,490,0.0000,4.064686,110.6057
1,491,0.0000,4.092842,111.3719
1,492,0.0000,4.106133,111.7336
1,493,0.0000,4.160277,113.2069
1,494,0.0000,4.166643,113.3801
1,495,0.0000,4.224598,114.9572
1,496,0.0000,4.227355,115.0322
1,497,0.0000,4.230718,115.1237
1,498,0.0000,4.240139,115.3800
1,499,0.0000,4.321984,117.6072
1,500,0.0000,4.322560,117.6228
1,501,0.0000,4.339512,118.0841
1,502,0.0000,4.340278,118.1050
1,503,0.0000,4.468366,121.5904
1,504,0.0000,4.469862,121.6311
1,505,0.0000,4.493601,122.2771
1,506,0.0000,4.496139,122.3462
1,507,0.0000,4.536021,123.4314
1,508,0.0000,4.536031,123.4317
1,509,0.0000,4.550598,123.8281
1,510,0.0000,4.551326,123.8479
1,511,0.0000,4.573945,124.4634
1,512,0.0000,4.574192,124.4701
1,513,0.0000,4.583608,124.7263
1,514,0.0000,4.590806,124.9222
1,515,0.0000,4.634429,126.1092
1,516,0.0000,4.638129,126.2099
1,517,0.0000,4.665046,126.9424
1,518,0.0000,4.665231,126.9474
1,519,0.0000,4.708601,128.1275
1,520,0.0000,4.709466,128.1511
1,521,0.0000,4.761534,129.5679
1,522,0.0000,4.761623,129.5703
1,523,0.0000,4.878175,132.7419
1,524,0.0000,4.889687,133.0551
1,525,0.0000,4.900701,133.3549
1,526,0.0000,4.901259,133.3700
1,527,0.0000,4.902685,133.4089
1,528,0.0000,4.913328,133.6984
1,529,0.0000,5.042512,137.2137
1,530,0.0000,5.057619,137.6248
1,531,0.0000,5.107809,138.9905
1,532,0.0000,5.113474,139.1447
1,533,0.0000,5.153685,140.2389
1,534,0.0000,5.155016,140.2751
1,535,0.0000,5.163915,140.5173
1,536,0.0000,5.164470,140.5324
1,537,0.0000,5.181019,140.9827
1,538,0.0000,5.200606,141.5157
1,539,0.0000,5.209516,141.7581
1,540,0.0000,5.210053,141.7728
1,541,0.0000,5.234536,142.4390
1,542,0.0000,5.235415,142.4629
1,543,0.0000,5.366896,146.0407
1,544,0.0000,5.376775,146.3095
1,545,0.0000,5.410537,147.2282
1,546,0.0000,5.419966,147.4848
1,547,0.0000,5.447703,148.2395
1,548,0.0000,5.449713,148.2942
1,549,0.0000,5.555860,151.1826
1,550,0.0000,5.557058,151.2152
1,551,0.0000,5.609718,152.6482
1,552,0.0000,5.610854,152.6791
1,553,0.0000,5.694344,154.9510
1,554,0.0000,5.695472,154.9817
1,555,0.0000,5.741387,156.2311
1,556,0.0000,5.743661,156.2930
1,557,0.0000,5.755489,156.6148
1,558,0.0000,5.756037,156.6297
1,559,0.0000,5.916973,161.0090
1,560,0.0000,5.931924,161.4159
1,561,0.0000,5.935732,161.5195
1,562,0.0000,5.994346,163.1144
1,563,0.0000,5.996635,163.1767
1,564,0.0000,6.225931,169.4162
1,565,0.0000,6.226940,169.4436
1,566,0.0000,6.320186,171.9810
1,567,0.0000,6.396980,174.0707
1,568,0.0000,6.462195,175.8453
1,569,0.0000,6.495631,176.7551
1,570,0.0000,6.561061,178.5356
1,571,0.0000,6.598439,179.5527
1,572,0.0000,6.598654,179.5585
1,573,0.0000,7.156850,194.7478
1,574,0.0000,7.722754,210.1468
1,575,0.0000,7.727708,210.2816
1,576,0.0000,8.266248,224.9360
1,577,0.0000,8.266572,224.9449
1,578,0.0000,8.267807,224.9785
1,579,0.0000,8.273816,225.1420
1,580,0.0000,8.656748,235.5621
1,581,0.0000,8.677578,236.1289
1,582,0.0000,10.881377,296.0973
1,583,0.0000,10.882848,296.1374
1,584,0.0000,10.949458,297.9499
1,585,0.0000,10.952553,298.0341
1,586,0.0000,12.631607,343.7235
1,587,0.0000,14.729525,400.8108
1,588,0.0000,18.864777,513.3367
1,589,0.0000,18.879312,513.7322
1,590,0.0000,19.020142,517.5644
1,591,0.0000,19.033646,517.9318
1,592,0.0000,39.123969,1064.6173
1,593,0.0000,39.125352,1064.6550
1,594,0.0000,39.573043,1076.8372
1,595,0.0000,39.580815,1077.0487
1,596,0.0000,39.580838,1077.0494
1,597,0.0000,39.583963,1077.1344
1,598,0.0000,40.001242,1088.4891
1,599,0.0000,40.034643,1089.3980
1,600,0.0000,44.065740,1199.0897
1,601,0.0000,56.682934,1542.4211
1,602,0.0000,56.684398,1542.4609
1,603,0.0000,56.742232,1544.0346
1,604,0.0000,56.745084,1544.1122
1,605,0.0000,77.532861,2109.7764
1,606,0.0000,109.736021,2986.0689
1,607,0.0000,109.885208,2990.1285
1,608,0.0000,109.920043,2991.0764
1,609,0.0000,120.865642,3288.9213
1,610,0.0000,120.878174,3289.2623
1,611,0.0000,120.994394,3292.4249
1,612,0.0000,121.003640,3292.6764
1,613,0.0000,272.101951,7404.2705
1,614,0.0000,807.040387,21960.6854
1,615,0.0000,807.061056,21961.2478
1,616,0.0000,807.251806,21966.4384
1,617,0.0000,807.266742,21966.8448
1,618,0.0000,1808.450988,49210.4532
